<?xml version="1.0" encoding="UTF-8"?>
<questestinterop xmlns="http://www.imsglobal.org/xsd/ims_qtiasiv1p2" xmlns:xsi="http://www.w3.org/2001/XMLSchema-instance" xsi:schemaLocation="http://www.imsglobal.org/xsd/ims_qtiasiv1p2 http://www.imsglobal.org/xsd/ims_qtiasiv1p2p1.xsd">
  <assessment ident="text2qti_assessment_212afcbe2038d2f5f18ab41caba3ac52dab6f391041f7c640fda5f55825d45ba" title="Sample Quiz">
    <qtimetadata>
      <qtimetadatafield>
        <fieldlabel>cc_maxattempts</fieldlabel>
        <fieldentry>1</fieldentry>
      </qtimetadatafield>
    </qtimetadata>
    <section ident="root_section">
      <item ident="text2qti_question_5b93f89145e2529c9b47f043daa32835fbac9a6432c17251deadb18ecd467416" title="Multiple Choice Q">
        <itemmetadata>
          <qtimetadata>
            <qtimetadatafield>
              <fieldlabel>question_type</fieldlabel>
              <fieldentry>multiple_choice_question</fieldentry>
            </qtimetadatafield>
            <qtimetadatafield>
              <fieldlabel>points_possible</fieldlabel>
              <fieldentry>2</fieldentry>
            </qtimetadatafield>
            <qtimetadatafield>
              <fieldlabel>original_answer_ids</fieldlabel>
              <fieldentry>text2qti_choice_2f09ed1826ee64d8b049ea800989d8822e96cca3a7696e2c56a89b9432af8d84,text2qti_choice_ed5be15bc3cd01449c62f38d6b6e0248fd4712e876ef1f2c71ae9416b1631b83,text2qti_choice_3ef84394d477d886adb8656fd5eccc81d83895845a770c3c8211befce84985a9</fieldentry>
            </qtimetadatafield>
            <qtimetadatafield>
              <fieldlabel>assessment_question_identifierref</fieldlabel>
              <fieldentry>text2qti_question_ref_5b93f89145e2529c9b47f043daa32835fbac9a6432c17251deadb18ecd467416</fieldentry>
            </qtimetadatafield>
          </qtimetadata>
        </itemmetadata>
        <presentation>
          <material>
            <mattext texttype="text/html">&lt;p&gt;What is 2+3 + &lt;math display="inline" xmlns="http://www.w3.org/1998/Math/MathML"&gt;&lt;semantics&gt;&lt;mi&gt;θ&lt;/mi&gt;&lt;annotation encoding="application/x-tex"&gt;\theta&lt;/annotation&gt;&lt;/semantics&gt;&lt;/math&gt;?&lt;/p&gt;</mattext>
          </material>
          <response_lid ident="response1" rcardinality="Single">
            <render_choice>
              <response_label ident="text2qti_choice_2f09ed1826ee64d8b049ea800989d8822e96cca3a7696e2c56a89b9432af8d84">
                <material>
                  <mattext texttype="text/html">&lt;p&gt;6&lt;/p&gt;</mattext>
                </material>
              </response_label>
              <response_label ident="text2qti_choice_ed5be15bc3cd01449c62f38d6b6e0248fd4712e876ef1f2c71ae9416b1631b83">
                <material>
                  <mattext texttype="text/html">&lt;p&gt;1&lt;/p&gt;</mattext>
                </material>
              </response_label>
              <response_label ident="text2qti_choice_3ef84394d477d886adb8656fd5eccc81d83895845a770c3c8211befce84985a9">
                <material>
                  <mattext texttype="text/html">&lt;p&gt;5&lt;/p&gt;</mattext>
                </material>
              </response_label>
            </render_choice>
          </response_lid>
        </presentation>
        <resprocessing>
          <outcomes>
            <decvar maxvalue="100" minvalue="0" varname="SCORE" vartype="Decimal"/>
          </outcomes>
          <respcondition continue="Yes">
            <conditionvar>
              <other/>
            </conditionvar>
            <displayfeedback feedbacktype="Response" linkrefid="general_fb"/>
          </respcondition>
          <respcondition continue="Yes">
            <conditionvar>
              <varequal respident="response1">text2qti_choice_2f09ed1826ee64d8b049ea800989d8822e96cca3a7696e2c56a89b9432af8d84</varequal>
            </conditionvar>
            <displayfeedback feedbacktype="Response" linkrefid="text2qti_choice_2f09ed1826ee64d8b049ea800989d8822e96cca3a7696e2c56a89b9432af8d84_fb"/>
          </respcondition>
          <respcondition continue="Yes">
            <conditionvar>
              <varequal respident="response1">text2qti_choice_ed5be15bc3cd01449c62f38d6b6e0248fd4712e876ef1f2c71ae9416b1631b83</varequal>
            </conditionvar>
            <displayfeedback feedbacktype="Response" linkrefid="text2qti_choice_ed5be15bc3cd01449c62f38d6b6e0248fd4712e876ef1f2c71ae9416b1631b83_fb"/>
          </respcondition>
          <respcondition continue="Yes">
            <conditionvar>
              <varequal respident="response1">text2qti_choice_3ef84394d477d886adb8656fd5eccc81d83895845a770c3c8211befce84985a9</varequal>
            </conditionvar>
            <displayfeedback feedbacktype="Response" linkrefid="text2qti_choice_3ef84394d477d886adb8656fd5eccc81d83895845a770c3c8211befce84985a9_fb"/>
          </respcondition>
          <respcondition continue="No">
            <conditionvar>
              <varequal respident="response1">text2qti_choice_3ef84394d477d886adb8656fd5eccc81d83895845a770c3c8211befce84985a9</varequal>
            </conditionvar>
            <setvar action="Set" varname="SCORE">100</setvar>
            <displayfeedback feedbacktype="Response" linkrefid="correct_fb"/>
          </respcondition>
          <respcondition continue="Yes">
            <conditionvar>
              <other/>
            </conditionvar>
            <displayfeedback feedbacktype="Response" linkrefid="general_incorrect_fb"/>
          </respcondition>
        </resprocessing>
        <itemfeedback ident="general_fb">
          <flow_mat>
            <material>
              <mattext texttype="text/html">&lt;p&gt;General question feedback.&lt;/p&gt;</mattext>
            </material>
          </flow_mat>
        </itemfeedback>
        <itemfeedback ident="correct_fb">
          <flow_mat>
            <material>
              <mattext texttype="text/html">&lt;p&gt;Feedback for correct answer.&lt;/p&gt;</mattext>
            </material>
          </flow_mat>
        </itemfeedback>
        <itemfeedback ident="general_incorrect_fb">
          <flow_mat>
            <material>
              <mattext texttype="text/html">&lt;p&gt;Feedback for incorrect answer.&lt;/p&gt;</mattext>
            </material>
          </flow_mat>
        </itemfeedback>
        <itemfeedback ident="text2qti_choice_2f09ed1826ee64d8b049ea800989d8822e96cca3a7696e2c56a89b9432af8d84_fb">
          <flow_mat>
            <material>
              <mattext texttype="text/html">&lt;p&gt;Feedback for this particular answer.&lt;/p&gt;</mattext>
            </material>
          </flow_mat>
        </itemfeedback>
        <itemfeedback ident="text2qti_choice_ed5be15bc3cd01449c62f38d6b6e0248fd4712e876ef1f2c71ae9416b1631b83_fb">
          <flow_mat>
            <material>
              <mattext texttype="text/html">&lt;p&gt;Feedback for this particular answer.&lt;/p&gt;</mattext>
            </material>
          </flow_mat>
        </itemfeedback>
        <itemfeedback ident="text2qti_choice_3ef84394d477d886adb8656fd5eccc81d83895845a770c3c8211befce84985a9_fb">
          <flow_mat>
            <material>
              <mattext texttype="text/html">&lt;p&gt;Feedback for this particular answer.&lt;/p&gt;</mattext>
            </material>
          </flow_mat>
        </itemfeedback>
      </item>
      <item ident="text2qti_question_ba36318f8144d066351850bd6761e0dcca275b7fd9caf558993dd55515b04b80" title="Checkbox Q">
        <itemmetadata>
          <qtimetadata>
            <qtimetadatafield>
              <fieldlabel>question_type</fieldlabel>
              <fieldentry>multiple_answers_question</fieldentry>
            </qtimetadatafield>
            <qtimetadatafield>
              <fieldlabel>points_possible</fieldlabel>
              <fieldentry>2</fieldentry>
            </qtimetadatafield>
            <qtimetadatafield>
              <fieldlabel>original_answer_ids</fieldlabel>
              <fieldentry>text2qti_choice_e84b59952487cb94bfef5a23398aa693a4304ab128b9ddb1acc282f009f1ae82,text2qti_choice_78dd08c0a8e2d693a54568bf8fbe70baebc3f28e522340a0354d5f9fe3c4f543,text2qti_choice_3c7a8c67ea88c7f6b9737cf0f3ff5252fbf31f17a94badfe2157e40f7a1f9e9d,text2qti_choice_c5d9b198c572319aa63c84021fa68afabe09396ec320ed5b4e7d4a7d3e755e81</fieldentry>
            </qtimetadatafield>
            <qtimetadatafield>
              <fieldlabel>assessment_question_identifierref</fieldlabel>
              <fieldentry>text2qti_question_ref_ba36318f8144d066351850bd6761e0dcca275b7fd9caf558993dd55515b04b80</fieldentry>
            </qtimetadatafield>
          </qtimetadata>
        </itemmetadata>
        <presentation>
          <material>
            <mattext texttype="text/html">&lt;p&gt;Which of the following are dinosaurs?
&lt;img alt="alt_text" src="%24IMS-CC-FILEBASE%24/images/sinusoid_signal.png" /&gt;&lt;/p&gt;</mattext>
          </material>
          <response_lid ident="response1" rcardinality="Multiple">
            <render_choice>
              <response_label ident="text2qti_choice_e84b59952487cb94bfef5a23398aa693a4304ab128b9ddb1acc282f009f1ae82">
                <material>
                  <mattext texttype="text/html">&lt;p&gt;Woolly mammoth&lt;/p&gt;</mattext>
                </material>
              </response_label>
              <response_label ident="text2qti_choice_78dd08c0a8e2d693a54568bf8fbe70baebc3f28e522340a0354d5f9fe3c4f543">
                <material>
                  <mattext texttype="text/html">&lt;p&gt;Tyrannosaurus rex&lt;/p&gt;</mattext>
                </material>
              </response_label>
              <response_label ident="text2qti_choice_3c7a8c67ea88c7f6b9737cf0f3ff5252fbf31f17a94badfe2157e40f7a1f9e9d">
                <material>
                  <mattext texttype="text/html">&lt;p&gt;Triceratops&lt;/p&gt;</mattext>
                </material>
              </response_label>
              <response_label ident="text2qti_choice_c5d9b198c572319aa63c84021fa68afabe09396ec320ed5b4e7d4a7d3e755e81">
                <material>
                  <mattext texttype="text/html">&lt;p&gt;Smilodon fatalis&lt;/p&gt;</mattext>
                </material>
              </response_label>
            </render_choice>
          </response_lid>
        </presentation>
        <resprocessing>
          <outcomes>
            <decvar maxvalue="100" minvalue="0" varname="SCORE" vartype="Decimal"/>
          </outcomes>
          <respcondition continue="No">
            <conditionvar>
              <and>
                <not>
                  <varequal respident="response1">text2qti_choice_e84b59952487cb94bfef5a23398aa693a4304ab128b9ddb1acc282f009f1ae82</varequal>
                </not>
                <varequal respident="response1">text2qti_choice_78dd08c0a8e2d693a54568bf8fbe70baebc3f28e522340a0354d5f9fe3c4f543</varequal>
                <varequal respident="response1">text2qti_choice_3c7a8c67ea88c7f6b9737cf0f3ff5252fbf31f17a94badfe2157e40f7a1f9e9d</varequal>
                <not>
                  <varequal respident="response1">text2qti_choice_c5d9b198c572319aa63c84021fa68afabe09396ec320ed5b4e7d4a7d3e755e81</varequal>
                </not>
              </and>
            </conditionvar>
            <setvar action="Set" varname="SCORE">100</setvar>
          </respcondition>
        </resprocessing>
      </item>
      <item ident="text2qti_question_08a4f3e6d265560120b45eb8cc96284b6d34caabd493622bd3d0fe1b9f00f6fc" title="Numerical Q1">
        <itemmetadata>
          <qtimetadata>
            <qtimetadatafield>
              <fieldlabel>question_type</fieldlabel>
              <fieldentry>numerical_question</fieldentry>
            </qtimetadatafield>
            <qtimetadatafield>
              <fieldlabel>points_possible</fieldlabel>
              <fieldentry>2</fieldentry>
            </qtimetadatafield>
            <qtimetadatafield>
              <fieldlabel>original_answer_ids</fieldlabel>
              <fieldentry>text2qti_numerical_08a4f3e6d265560120b45eb8cc96284b6d34caabd493622bd3d0fe1b9f00f6fc</fieldentry>
            </qtimetadatafield>
            <qtimetadatafield>
              <fieldlabel>assessment_question_identifierref</fieldlabel>
              <fieldentry>text2qti_question_ref_08a4f3e6d265560120b45eb8cc96284b6d34caabd493622bd3d0fe1b9f00f6fc</fieldentry>
            </qtimetadatafield>
          </qtimetadata>
        </itemmetadata>
        <presentation>
          <material>
            <mattext texttype="text/html">&lt;p&gt;What is the square root of 2?&lt;/p&gt;</mattext>
          </material>
          <response_str ident="response1" rcardinality="Single">
            <render_fib fibtype="Decimal">
              <response_label ident="answer1"/>
            </render_fib>
          </response_str>
        </presentation>
        <resprocessing>
          <outcomes>
            <decvar maxvalue="100" minvalue="0" varname="SCORE" vartype="Decimal"/>
          </outcomes>
          <respcondition continue="No">
            <conditionvar>
              <or>
                <varequal respident="response1">1.4142</varequal>
                <and>
                  <vargte respident="response1">1.4141</vargte>
                  <varlte respident="response1">1.4143</varlte>
                </and>
              </or>
            </conditionvar>
            <setvar action="Set" varname="SCORE">100</setvar>
          </respcondition>
        </resprocessing>
      </item>
      <item ident="text2qti_question_ba262aae066d6a64b95e82a2e9d16b881d51b0eac7847485c8881e7d2fe6ed20" title="Numerical Q2">
        <itemmetadata>
          <qtimetadata>
            <qtimetadatafield>
              <fieldlabel>question_type</fieldlabel>
              <fieldentry>numerical_question</fieldentry>
            </qtimetadatafield>
            <qtimetadatafield>
              <fieldlabel>points_possible</fieldlabel>
              <fieldentry>2</fieldentry>
            </qtimetadatafield>
            <qtimetadatafield>
              <fieldlabel>original_answer_ids</fieldlabel>
              <fieldentry>text2qti_numerical_ba262aae066d6a64b95e82a2e9d16b881d51b0eac7847485c8881e7d2fe6ed20</fieldentry>
            </qtimetadatafield>
            <qtimetadatafield>
              <fieldlabel>assessment_question_identifierref</fieldlabel>
              <fieldentry>text2qti_question_ref_ba262aae066d6a64b95e82a2e9d16b881d51b0eac7847485c8881e7d2fe6ed20</fieldentry>
            </qtimetadatafield>
          </qtimetadata>
        </itemmetadata>
        <presentation>
          <material>
            <mattext texttype="text/html">&lt;p&gt;What is the cube root of 2?&lt;/p&gt;</mattext>
          </material>
          <response_str ident="response1" rcardinality="Single">
            <render_fib fibtype="Decimal">
              <response_label ident="answer1"/>
            </render_fib>
          </response_str>
        </presentation>
        <resprocessing>
          <outcomes>
            <decvar maxvalue="100" minvalue="0" varname="SCORE" vartype="Decimal"/>
          </outcomes>
          <respcondition continue="No">
            <conditionvar>
              <vargte respident="response1">1.2598</vargte>
              <varlte respident="response1">1.2600</varlte>
            </conditionvar>
            <setvar action="Set" varname="SCORE">100</setvar>
          </respcondition>
        </resprocessing>
      </item>
      <item ident="text2qti_question_51480d89953442ddca8ac994b2fb82b1ffd77000ab09b43cfac40f8417c561a4" title="Fill in the Blank">
        <itemmetadata>
          <qtimetadata>
            <qtimetadatafield>
              <fieldlabel>question_type</fieldlabel>
              <fieldentry>short_answer_question</fieldentry>
            </qtimetadatafield>
            <qtimetadatafield>
              <fieldlabel>points_possible</fieldlabel>
              <fieldentry>2</fieldentry>
            </qtimetadatafield>
            <qtimetadatafield>
              <fieldlabel>original_answer_ids</fieldlabel>
              <fieldentry>text2qti_choice_ab4fa5bb5d6a389e9d89d26da1c1610908ec551ddd94972f4c93cf8a487d59cc,text2qti_choice_2c6ecd45950aa8ca34bf02068172bc31801ad02886bb872fa81f8155c5092136,text2qti_choice_95d2a24479baba7223b13ce467fc376c5629a9dd65503c0b39da79d6bca53b0a,text2qti_choice_c0f429dda034cae999e56307ba35f03f9dac665549e8aaa13dd8e3c9c1e40403,text2qti_choice_0c3ac75793640a334084db1c03a79f134b9b4e53b0e80c91d7062afbc581582d</fieldentry>
            </qtimetadatafield>
            <qtimetadatafield>
              <fieldlabel>assessment_question_identifierref</fieldlabel>
              <fieldentry>text2qti_question_ref_51480d89953442ddca8ac994b2fb82b1ffd77000ab09b43cfac40f8417c561a4</fieldentry>
            </qtimetadatafield>
          </qtimetadata>
        </itemmetadata>
        <presentation>
          <material>
            <mattext texttype="text/html">&lt;p&gt;Who lives at the North Pole?&lt;/p&gt;</mattext>
          </material>
          <response_str ident="response1" rcardinality="Single">
            <render_fib>
              <response_label ident="answer1" rshuffle="No"/>
            </render_fib>
          </response_str>
        </presentation>
        <resprocessing>
          <outcomes>
            <decvar maxvalue="100" minvalue="0" varname="SCORE" vartype="Decimal"/>
          </outcomes>
          <respcondition continue="No">
            <conditionvar>
              <varequal respident="response1">Santa</varequal>
              <varequal respident="response1">Santa Claus</varequal>
              <varequal respident="response1">Father Christmas</varequal>
              <varequal respident="response1">Saint Nicholas</varequal>
              <varequal respident="response1">Saint Nick</varequal>
            </conditionvar>
            <setvar action="Set" varname="SCORE">100</setvar>
          </respcondition>
        </resprocessing>
      </item>
      <item ident="text2qti_question_bf48a91886c7a5385db4033d339e433cd9bdf86621d8fdf3331e5bd4d8943bdb" title="Essay Question">
        <itemmetadata>
          <qtimetadata>
            <qtimetadatafield>
              <fieldlabel>question_type</fieldlabel>
              <fieldentry>essay_question</fieldentry>
            </qtimetadatafield>
            <qtimetadatafield>
              <fieldlabel>points_possible</fieldlabel>
              <fieldentry>2</fieldentry>
            </qtimetadatafield>
            <qtimetadatafield>
              <fieldlabel>original_answer_ids</fieldlabel>
              <fieldentry></fieldentry>
            </qtimetadatafield>
            <qtimetadatafield>
              <fieldlabel>assessment_question_identifierref</fieldlabel>
              <fieldentry>text2qti_question_ref_bf48a91886c7a5385db4033d339e433cd9bdf86621d8fdf3331e5bd4d8943bdb</fieldentry>
            </qtimetadatafield>
          </qtimetadata>
        </itemmetadata>
        <presentation>
          <material>
            <mattext texttype="text/html">&lt;p&gt;Write an essay.&lt;/p&gt;</mattext>
          </material>
          <response_str ident="response1" rcardinality="Single">
            <render_fib>
              <response_label ident="answer1" rshuffle="No"/>
            </render_fib>
          </response_str>
        </presentation>
        <resprocessing>
          <outcomes>
            <decvar maxvalue="100" minvalue="0" varname="SCORE" vartype="Decimal"/>
          </outcomes>
          <respcondition continue="No">
            <conditionvar>
              <other/>
            </conditionvar>
          </respcondition>
          <respcondition continue="Yes">
            <conditionvar>
              <other/>
            </conditionvar>
            <displayfeedback feedbacktype="Response" linkrefid="general_fb"/>
          </respcondition>
        </resprocessing>
        <itemfeedback ident="general_fb">
          <flow_mat>
            <material>
              <mattext texttype="text/html">&lt;p&gt;General question feedback.&lt;/p&gt;</mattext>
            </material>
          </flow_mat>
        </itemfeedback>
      </item>
      <item ident="text2qti_question_7553f43ef68d8ac0c8938831468e10e1872106b4cc7365811cf8d7837976b8f5" title="Upload a File">
        <itemmetadata>
          <qtimetadata>
            <qtimetadatafield>
              <fieldlabel>question_type</fieldlabel>
              <fieldentry>file_upload_question</fieldentry>
            </qtimetadatafield>
            <qtimetadatafield>
              <fieldlabel>points_possible</fieldlabel>
              <fieldentry>2</fieldentry>
            </qtimetadatafield>
            <qtimetadatafield>
              <fieldlabel>original_answer_ids</fieldlabel>
              <fieldentry></fieldentry>
            </qtimetadatafield>
            <qtimetadatafield>
              <fieldlabel>assessment_question_identifierref</fieldlabel>
              <fieldentry>text2qti_question_ref_7553f43ef68d8ac0c8938831468e10e1872106b4cc7365811cf8d7837976b8f5</fieldentry>
            </qtimetadatafield>
          </qtimetadata>
        </itemmetadata>
        <presentation>
          <material>
            <mattext texttype="text/html">&lt;p&gt;Upload a file.&lt;/p&gt;</mattext>
          </material>
        </presentation>
        <resprocessing>
          <outcomes>
            <decvar maxvalue="100" minvalue="0" varname="SCORE" vartype="Decimal"/>
          </outcomes>
          <respcondition continue="Yes">
            <conditionvar>
              <other/>
            </conditionvar>
            <displayfeedback feedbacktype="Response" linkrefid="general_fb"/>
          </respcondition>
        </resprocessing>
        <itemfeedback ident="general_fb">
          <flow_mat>
            <material>
              <mattext texttype="text/html">&lt;p&gt;General question feedback.&lt;/p&gt;</mattext>
            </material>
          </flow_mat>
        </itemfeedback>
      </item>
    </section>
  </assessment>
</questestinterop>
