<?xml version="1.0" encoding="UTF-8"?>
<manifest identifier="text2qti_manifest_212afcbe2038d2f5f18ab41caba3ac52dab6f391041f7c640fda5f55825d45ba" xmlns="http://www.imsglobal.org/xsd/imsccv1p1/imscp_v1p1" xmlns:lom="http://ltsc.ieee.org/xsd/imsccv1p1/LOM/resource" xmlns:imsmd="http://www.imsglobal.org/xsd/imsmd_v1p2" xmlns:xsi="http://www.w3.org/2001/XMLSchema-instance" xsi:schemaLocation="http://www.imsglobal.org/xsd/imsccv1p1/imscp_v1p1 http://www.imsglobal.org/xsd/imscp_v1p1.xsd http://ltsc.ieee.org/xsd/imsccv1p1/LOM/resource http://www.imsglobal.org/profile/cc/ccv1p1/LOM/ccv1p1_lomresource_v1p0.xsd http://www.imsglobal.org/xsd/imsmd_v1p2 http://www.imsglobal.org/xsd/imsmd_v1p2p2.xsd">
  <metadata>
    <schema>IMS Content</schema>
    <schemaversion>1.1.3</schemaversion>
    <imsmd:lom>
      <imsmd:general>
        <imsmd:title>
          <imsmd:string>QTI assessment generated by text2qti</imsmd:string>
        </imsmd:title>
      </imsmd:general>
      <imsmd:lifeCycle>
        <imsmd:contribute>
          <imsmd:date>
            <imsmd:dateTime>2026-01-09</imsmd:dateTime>
          </imsmd:date>
        </imsmd:contribute>
      </imsmd:lifeCycle>
      <imsmd:rights>
        <imsmd:copyrightAndOtherRestrictions>
          <imsmd:value>yes</imsmd:value>
        </imsmd:copyrightAndOtherRestrictions>
        <imsmd:description>
          <imsmd:string>Private (Copyrighted) - http://en.wikipedia.org/wiki/Copyright</imsmd:string>
        </imsmd:description>
      </imsmd:rights>
    </imsmd:lom>
  </metadata>
  <organizations/>
  <resources>
    <resource identifier="text2qti_assessment_212afcbe2038d2f5f18ab41caba3ac52dab6f391041f7c640fda5f55825d45ba" type="imsqti_xmlv1p2">
      <file href="text2qti_assessment_212afcbe2038d2f5f18ab41caba3ac52dab6f391041f7c640fda5f55825d45ba/text2qti_assessment_212afcbe2038d2f5f18ab41caba3ac52dab6f391041f7c640fda5f55825d45ba.xml"/>
      <dependency identifierref="text2qti_dependency_212afcbe2038d2f5f18ab41caba3ac52dab6f391041f7c640fda5f55825d45ba"/>
    </resource>
    <resource identifier="text2qti_dependency_212afcbe2038d2f5f18ab41caba3ac52dab6f391041f7c640fda5f55825d45ba" type="associatedcontent/imscc_xmlv1p1/learning-application-resource" href="text2qti_assessment_212afcbe2038d2f5f18ab41caba3ac52dab6f391041f7c640fda5f55825d45ba/assessment_meta.xml">
      <file href="text2qti_assessment_212afcbe2038d2f5f18ab41caba3ac52dab6f391041f7c640fda5f55825d45ba/assessment_meta.xml"/>
    </resource>
    <resource identifier="text2qti_image_810e545333fd836d4b68ebc64a0ef7dd2d79fc6cba3a29805085f33fced1baa2" type="webcontent" href="images/sinusoid_signal.png">
      <file href="images/sinusoid_signal.png"/>
    </resource>
  </resources>
</manifest>
